dm,width,sigma_x100,t,verdict
0,1,661,52813,-
0,2,628,35500,-
0,4,517,38784,-
0,8,441,47855,-
0,16,409,51208,-
0,32,383,47843,-
0,64,348,48565,-
0,128,267,12674,-
3225,1,768,48575,-
3225,2,646,46764,-
3225,4,635,8366,-
3225,8,606,8368,-
3225,16,591,8369,-
3225,32,503,8378,-
3225,64,363,8363,-
3225,128,300,8411,-
6451,1,989,9924,-
6451,2,756,9925,-
6451,4,638,16799,-
6451,8,547,12158,-
6451,16,497,12159,-
6451,32,467,12673,-
6451,64,419,8344,-
6451,128,361,8378,-
9677,1,801,62292,-
9677,2,644,18609,-
9677,4,650,14222,-
9677,8,498,40448,-
9677,16,465,12636,-
9677,32,468,12647,-
9677,64,378,15569,-
9677,128,362,8318,-
12903,1,733,52813,-
12903,2,698,52813,-
12903,4,621,44952,-
12903,8,469,44950,-
12903,16,423,41268,-
12903,32,438,21217,-
12903,64,414,21212,-
12903,128,322,8295,-
16129,1,986,51127,-
16129,2,687,51127,-
16129,4,523,6534,-
16129,8,489,12542,-
16129,16,448,44954,-
16129,32,393,21187,-
16129,64,434,21194,-
16129,128,300,8326,-
19354,1,734,38784,-
19354,2,753,42239,-
19354,4,574,42238,-
19354,8,496,40682,-
19354,16,459,37346,-
19354,32,459,8343,-
19354,64,370,8327,-
19354,128,295,14182,-
22580,1,740,58970,-
22580,2,680,9558,-
22580,4,540,58970,-
22580,8,534,17306,-
22580,16,454,17308,-
22580,32,419,45836,-
22580,64,368,8309,-
22580,128,278,14182,-
25806,1,905,44197,-
25806,2,723,44197,-
25806,4,620,9606,-
25806,8,482,8142,-
25806,16,493,38939,-
25806,32,437,38945,-
25806,64,338,38930,-
25806,128,282,38940,-
29032,1,706,57372,-
29032,2,597,35500,-
29032,4,564,15994,-
29032,8,540,58915,-
29032,16,448,43012,-
29032,32,416,15995,-
29032,64,379,45288,-
29032,128,303,43924,-
32258,1,713,22580,-
32258,2,628,7946,-
32258,4,603,48587,-
32258,8,524,15973,-
32258,16,527,15969,-
32258,32,402,9537,-
32258,64,331,45691,-
32258,128,307,43880,-
35483,1,760,12260,-
35483,2,702,12260,-
35483,4,511,42651,-
35483,8,489,17559,-
35483,16,473,32891,-
35483,32,418,45650,-
35483,64,388,45668,-
35483,128,285,45291,-
38709,1,807,40900,-
38709,2,608,60569,-
38709,4,618,49469,-
38709,8,523,49469,-
38709,16,449,51205,-
38709,32,434,44946,-
38709,64,398,39646,-
38709,128,284,44995,-
41935,1,870,16958,-
41935,2,708,65181,-
41935,4,662,46430,-
41935,8,538,11888,-
41935,16,472,42548,-
41935,32,413,46209,-
41935,64,364,43723,-
41935,128,308,39593,-
45161,1,772,43856,-
45161,2,621,35500,-
45161,4,594,44952,-
45161,8,467,41842,-
45161,16,471,15781,-
45161,32,425,15789,-
45161,64,375,43716,-
45161,128,361,43697,-
48387,1,752,43810,-
48387,2,690,17364,-
48387,4,511,44952,-
48387,8,521,16197,-
48387,16,437,43025,-
48387,32,408,47824,-
48387,64,392,43662,-
48387,128,358,43647,-
51612,1,753,42114,-
51612,2,662,44953,-
51612,4,584,44952,-
51612,8,506,8024,-
51612,16,461,44948,-
51612,32,427,44943,-
51612,64,354,7765,-
51612,128,369,43612,-
54838,1,783,45258,-
54838,2,663,45258,-
54838,4,576,44952,-
54838,8,542,11981,-
54838,16,444,11982,-
54838,32,420,45273,-
54838,64,399,8351,-
54838,128,359,8342,-
58064,1,769,14243,-
58064,2,629,42022,-
58064,4,592,44952,-
58064,8,549,44953,-
58064,16,473,17306,-
58064,32,425,40459,-
58064,64,404,15756,-
58064,128,392,8327,-
61290,1,771,12260,-
61290,2,670,38240,-
61290,4,632,43519,-
61290,8,580,43518,-
61290,16,594,43514,-
61290,32,462,43506,-
61290,64,387,15564,-
61290,128,409,43457,-
64516,1,736,56726,-
64516,2,671,7481,-
64516,4,517,55780,-
64516,8,484,7484,-
64516,16,468,7840,-
64516,32,475,7849,-
64516,64,458,43484,-
64516,128,377,43454,-
67741,1,810,17302,-
67741,2,651,17303,-
67741,4,550,14244,-
67741,8,549,14243,-
67741,16,454,40469,-
67741,32,458,14231,-
67741,64,393,7817,-
67741,128,325,15729,-
70967,1,821,58242,-
70967,2,711,15694,-
70967,4,707,15695,-
70967,8,660,15697,-
70967,16,581,15694,-
70967,32,488,15693,-
70967,64,402,14216,-
70967,128,336,14249,-
74193,1,1155,9558,-
74193,2,1001,9559,-
74193,4,816,9560,-
74193,8,572,9336,-
74193,16,491,43445,-
74193,32,395,8038,-
74193,64,362,7724,-
74193,128,330,7749,-
77419,1,802,40342,-
77419,2,649,40343,-
77419,4,548,53439,-
77419,8,537,43241,-
77419,16,506,7705,-
77419,32,480,45042,-
77419,64,387,14218,-
77419,128,374,44997,-
80645,1,816,43344,-
80645,2,702,43344,-
80645,4,638,40461,-
80645,8,501,47149,-
80645,16,471,17303,-
80645,32,394,45247,-
80645,64,361,14175,-
80645,128,337,44988,-
83870,1,904,17302,-
83870,2,818,42227,-
83870,4,630,44952,-
83870,8,531,44953,-
83870,16,518,44957,-
83870,32,513,44952,-
83870,64,406,44963,-
83870,128,356,44928,-
87096,1,775,15637,-
87096,2,695,15637,-
87096,4,548,7702,-
87096,8,508,15994,-
87096,16,459,15636,-
87096,32,438,40459,-
87096,64,425,40443,-
87096,128,363,40474,-
90322,1,798,40156,-
90322,2,726,49882,-
90322,4,570,49881,-
90322,8,561,44954,-
90322,16,504,44950,-
90322,32,521,15583,-
90322,64,500,15588,-
90322,128,374,15610,-
93548,1,722,57372,-
93548,2,653,35500,-
93548,4,532,9422,-
93548,8,505,9233,-
93548,16,520,43008,-
93548,32,584,15554,-
93548,64,512,15553,-
93548,128,386,15569,-
96774,1,817,52813,-
96774,2,630,60257,-
96774,4,694,22669,-
96774,8,539,22669,-
96774,16,445,40467,-
96774,32,397,42994,-
96774,64,403,15537,-
96774,128,356,15525,-
100000,1,759,35499,-
100000,2,672,7737,-
100000,4,598,7736,-
100000,8,531,10106,-
100000,16,455,44954,-
100000,32,447,44953,-
100000,64,401,44932,-
100000,128,363,45002,-
