bin_lo,freq_lo_mhz,mean,std,max,median,top3(bin:val)
0,2720.800781,5.39383e+09,5.57422e+10,5.72699e+13,5.47655e+09,1572864:5.727e+13;28835840:5.72e+13;3670016:5.718e+13
1048576,2717.871094,6.96837e+09,5.57761e+10,5.72794e+13,7.08827e+09,33030144:5.728e+13;5767168:5.725e+13;9961472:5.725e+13
2097152,2714.941406,9.09632e+09,5.57419e+10,5.72103e+13,9.27266e+09,9961472:5.721e+13;27787264:5.72e+13;15204352:5.72e+13
3145728,2712.011719,1.18111e+10,5.57874e+10,5.73085e+13,1.20611e+10,33030144:5.731e+13;11010048:5.729e+13;29884416:5.729e+13
4194304,2709.082031,1.52518e+10,5.58107e+10,5.73477e+13,1.55933e+10,21495808:5.735e+13;25690112:5.73e+13;33030144:5.728e+13
5242880,2706.152344,1.98827e+10,5.58941e+10,5.74053e+13,2.03422e+10,28835840:5.741e+13;19398656:5.739e+13;31981568:5.736e+13
6291456,2703.222656,2.62571e+10,5.59299e+10,5.74763e+13,2.68972e+10,4718592:5.748e+13;26738688:5.733e+13;33030144:5.726e+13
7340032,2700.292969,3.4485e+10,5.60747e+10,5.73979e+13,3.53583e+10,25690112:5.74e+13;9961472:5.736e+13;26738688:5.735e+13
8388608,2697.363281,4.40054e+10,5.63508e+10,5.75824e+13,4.52232e+10,524288:5.758e+13;26738688:5.745e+13;11010048:5.744e+13
9437184,2694.433594,5.33893e+10,5.66001e+10,5.7528e+13,5.49632e+10,15204352:5.753e+13;1572864:5.75e+13;9961472:5.748e+13
10485760,2691.503906,6.16941e+10,5.68958e+10,5.76759e+13,6.35777e+10,4718592:5.768e+13;17301504:5.762e+13;31981568:5.752e+13
11534336,2688.574219,6.89192e+10,5.71761e+10,5.76928e+13,7.10551e+10,19398656:5.769e+13;14155776:5.767e+13;5767168:5.755e+13
12582912,2685.644531,7.55954e+10,5.736e+10,5.76016e+13,7.79602e+10,15204352:5.76e+13;19398656:5.754e+13;11010048:5.754e+13
13631488,2682.714844,8.16288e+10,8.51345e+10,8.67237e+13,8.41748e+10,16252928:8.672e+13;33030144:8.661e+13;18350080:8.651e+13
14680064,2679.785156,8.60693e+10,5.79551e+10,5.78299e+13,8.88111e+10,13107200:5.783e+13;9961472:5.781e+13;2621440:5.778e+13
15728640,2676.855469,8.79279e+10,5.791e+10,5.76738e+13,9.07332e+10,16252928:5.767e+13;31981568:5.764e+13;1572864:5.756e+13
16777216,2673.925781,8.78301e+10,5.78562e+10,5.76784e+13,9.06159e+10,15204352:5.768e+13;13107200:5.757e+13;11010048:5.755e+13
17825792,2670.996094,8.7441e+10,5.78996e+10,5.75676e+13,9.01971e+10,21495808:5.757e+13;25690112:5.753e+13;28835840:5.751e+13
18874368,2668.066406,8.83804e+10,5.78313e+10,5.78876e+13,9.11553e+10,29884416:5.789e+13;1572864:5.758e+13;31981568:5.744e+13
19922944,2665.136719,9.10043e+10,5.80782e+10,5.77837e+13,9.38666e+10,14155776:5.778e+13;12058624:5.773e+13;1572864:5.772e+13
20971520,2662.207031,9.38319e+10,5.8362e+10,5.77964e+13,9.67969e+10,12058624:5.78e+13;27787264:5.779e+13;17301504:5.779e+13
22020096,2659.277344,9.51002e+10,5.83924e+10,5.79898e+13,9.80922e+10,14155776:5.799e+13;30932992:5.768e+13;27787264:5.766e+13
23068672,2656.347656,9.51488e+10,5.83016e+10,5.77166e+13,9.81416e+10,23592960:5.772e+13;2621440:5.769e+13;16252928:5.761e+13
24117248,2653.417969,9.49233e+10,5.82859e+10,5.77844e+13,9.79006e+10,30932992:5.778e+13;19398656:5.773e+13;6815744:5.764e+13
25165824,2650.488281,9.59696e+10,5.81935e+10,5.75376e+13,9.89755e+10,16252928:5.754e+13;9961472:5.753e+13;25690112:5.753e+13
26214400,2647.558594,9.8576e+10,5.84203e+10,5.76349e+13,1.0168e+11,29884416:5.763e+13;16252928:5.75e+13;30932992:5.748e+13
27262976,2644.628906,1.01743e+11,5.85652e+10,5.79774e+13,1.04987e+11,5767168:5.798e+13;28835840:5.742e+13;11010048:5.74e+13
28311552,2641.699219,1.03071e+11,5.86966e+10,5.74636e+13,1.0636e+11,6815744:5.746e+13;29884416:5.746e+13;16252928:5.742e+13
29360128,2638.769531,1.03141e+11,5.87114e+10,5.7794e+13,1.06409e+11,2621440:5.779e+13;9961472:5.778e+13;31981568:5.771e+13
30408704,2635.839844,1.03429e+11,7.44362e+10,7.50884e+13,1.0667e+11,5767168:7.509e+13;6815744:7.451e+13;26738688:7.441e+13
31457280,2632.910156,1.05225e+11,5.87626e+10,5.8018e+13,1.08518e+11,16252928:5.802e+13;33030144:5.758e+13;26738688:5.755e+13
32505856,2629.980469,1.08929e+11,5.91442e+10,5.78629e+13,1.12346e+11,22544384:5.786e+13;5767168:5.785e+13;19398656:5.785e+13
33554432,2627.050781,1.12673e+11,5.93086e+10,5.77544e+13,1.16206e+11,2621440:5.775e+13;8912896:5.763e+13;15204352:5.751e+13
34603008,2624.121094,1.14612e+11,5.93561e+10,5.77993e+13,1.18197e+11,7864320:5.78e+13;26738688:5.771e+13;11010048:5.763e+13
35651584,2621.191406,1.14066e+11,5.94324e+10,5.79147e+13,1.17602e+11,25690112:5.791e+13;26738688:5.789e+13;524288:5.778e+13
36700160,2618.261719,1.1318e+11,5.92626e+10,5.79271e+13,1.16664e+11,11010048:5.793e+13;28835840:5.783e+13;12058624:5.771e+13
37748736,2615.332031,1.14525e+11,5.94512e+10,5.82325e+13,1.18031e+11,5767168:5.823e+13;25690112:5.799e+13;30932992:5.798e+13
38797312,2612.402344,1.18242e+11,5.97253e+10,5.7926e+13,1.21848e+11,14155776:5.793e+13;33030144:5.772e+13;2621440:5.757e+13
39845888,2609.472656,1.22632e+11,5.98736e+10,5.7942e+13,1.2639e+11,31981568:5.794e+13;524288:5.751e+13;30932992:5.744e+13
40894464,2606.542969,1.24486e+11,6.01007e+10,5.78908e+13,1.283e+11,31981568:5.789e+13;33030144:5.757e+13;26738688:5.756e+13
41943040,2603.613281,1.23108e+11,5.99262e+10,5.79569e+13,1.26876e+11,25690112:5.796e+13;22544384:5.758e+13;16252928:5.755e+13
42991616,2600.683594,1.20609e+11,5.97006e+10,5.79796e+13,1.24295e+11,29884416:5.798e+13;17301504:5.746e+13;13107200:5.741e+13
44040192,2597.753906,1.20001e+11,5.96839e+10,5.80369e+13,1.23671e+11,13107200:5.804e+13;26738688:5.781e+13;4718592:5.777e+13
45088768,2594.824219,1.22226e+11,5.9924e+10,5.80974e+13,1.2598e+11,24641536:5.81e+13;21495808:5.789e+13;7864320:5.781e+13
46137344,2591.894531,1.25544e+11,6.0006e+10,5.80059e+13,1.29431e+11,27787264:5.801e+13;33030144:5.772e+13;18350080:5.744e+13
47185920,2588.964844,1.27242e+11,5.8953e+10,5.64495e+13,1.31209e+11,33030144:5.645e+13;24641536:5.64e+13;11010048:5.639e+13
48234496,2586.035156,1.26298e+11,5.99156e+10,5.76469e+13,1.30257e+11,29884416:5.765e+13;6815744:5.727e+13;31981568:5.725e+13
49283072,2583.105469,1.23217e+11,5.97141e+10,5.76154e+13,1.27045e+11,23592960:5.762e+13;28835840:5.754e+13;3670016:5.752e+13
50331648,2580.175781,1.21802e+11,5.96317e+10,5.73198e+13,1.2559e+11,20447232:5.732e+13;1572864:5.731e+13;28835840:5.727e+13
51380224,2577.246094,1.23022e+11,5.9786e+10,5.75764e+13,1.26861e+11,22544384:5.758e+13;26738688:5.754e+13;24641536:5.74e+13
52428800,2574.316406,1.25662e+11,5.99562e+10,5.75873e+13,1.29591e+11,11010048:5.759e+13;19398656:5.75e+13;28835840:5.741e+13
53477376,2571.386719,1.27631e+11,5.99747e+10,5.76248e+13,1.3164e+11,19398656:5.762e+13;5767168:5.744e+13;1572864:5.738e+13
54525952,2568.457031,1.27473e+11,6.00857e+10,5.7543e+13,1.31463e+11,19398656:5.754e+13;7864320:5.747e+13;17301504:5.732e+13
55574528,2565.527344,1.26144e+11,5.99449e+10,5.769e+13,1.30064e+11,28835840:5.769e+13;4718592:5.745e+13;25690112:5.737e+13
56623104,2562.597656,1.23567e+11,5.95891e+10,5.74886e+13,1.26939e+11,4718592:5.749e+13;3670016:5.747e+13;31981568:5.74e+13
57671680,2559.667969,1.30483e+11,6.02953e+10,5.78843e+13,1.34506e+11,16252928:5.788e+13;3670016:5.778e+13;26738688:5.741e+13
58720256,2556.738281,1.36713e+11,6.07737e+10,5.78911e+13,1.40893e+11,18350080:5.789e+13;20447232:5.775e+13;29884416:5.755e+13
59768832,2553.808594,1.43054e+11,6.13628e+10,5.77331e+13,1.47407e+11,29884416:5.773e+13;20447232:5.771e+13;26738688:5.768e+13
60817408,2550.878906,1.47382e+11,6.17397e+10,5.79629e+13,1.51843e+11,33030144:5.796e+13;20447232:5.789e+13;7864320:5.772e+13
61865984,2547.949219,1.49506e+11,6.18816e+10,5.83192e+13,1.53979e+11,30932992:5.832e+13;3670016:5.812e+13;14155776:5.782e+13
62914560,2545.019531,1.51983e+11,6.21872e+10,5.78101e+13,1.56475e+11,26738688:5.781e+13;29884416:5.773e+13;27787264:5.758e+13
63963136,2542.089844,1.56649e+11,4.07819e+10,3.03942e+13,1.61264e+11,23592960:3.039e+13;19398656:3.033e+13;8912896:3.026e+13
65011712,2539.160156,1.62859e+11,6.2829e+10,5.75712e+13,1.67586e+11,17301504:5.757e+13;25690112:5.732e+13;8912896:5.731e+13
66060288,2536.230469,1.68038e+11,6.34178e+10,5.77274e+13,1.72902e+11,14155776:5.773e+13;26738688:5.763e+13;29884416:5.763e+13
67108864,2533.300781,1.70109e+11,6.3833e+10,5.81139e+13,1.75024e+11,4718592:5.811e+13;19398656:5.808e+13;9961472:5.806e+13
68157440,2530.371094,1.68401e+11,6.35773e+10,5.80906e+13,1.73272e+11,25690112:5.809e+13;26738688:5.785e+13;1572864:5.76e+13
69206016,2527.441406,1.64824e+11,6.32837e+10,5.78416e+13,1.69597e+11,30932992:5.784e+13;14155776:5.78e+13;3670016:5.764e+13
70254592,2524.511719,1.62791e+11,6.28688e+10,5.79498e+13,1.67532e+11,19398656:5.795e+13;11010048:5.761e+13;5767168:5.752e+13
71303168,2521.582031,1.62305e+11,6.30285e+10,5.77515e+13,1.6705e+11,2621440:5.775e+13;6815744:5.746e+13;24641536:5.745e+13
72351744,2518.652344,1.62468e+11,6.29907e+10,5.82472e+13,1.6724e+11,25690112:5.825e+13;21495808:5.746e+13;4718592:5.745e+13
73400320,2515.722656,1.62069e+11,6.28759e+10,5.79316e+13,1.66866e+11,24641536:5.793e+13;30932992:5.782e+13;1572864:5.768e+13
74448896,2512.792969,1.60059e+11,6.2616e+10,5.78573e+13,1.6482e+11,25690112:5.786e+13;13107200:5.751e+13;28835840:5.746e+13
75497472,2509.863281,1.57549e+11,6.23436e+10,5.77015e+13,1.6224e+11,12058624:5.77e+13;9961472:5.756e+13;33030144:5.736e+13
76546048,2506.933594,1.56382e+11,6.23743e+10,5.76536e+13,1.61056e+11,3670016:5.765e+13;9961472:5.758e+13;19398656:5.751e+13
77594624,2504.003906,1.56956e+11,6.2383e+10,5.78943e+13,1.61662e+11,25690112:5.789e+13;12058624:5.761e+13;22544384:5.76e+13
78643200,2501.074219,1.5997e+11,6.33584e+10,5.77696e+13,1.64691e+11,3670016:5.777e+13;17301504:5.764e+13;11010048:5.763e+13
79691776,2498.144531,1.60789e+11,6.27714e+10,5.78777e+13,1.65597e+11,5767168:5.788e+13;23592960:5.781e+13;29884416:5.75e+13
80740352,2495.214844,1.67183e+11,1.14377e+11,1.13423e+14,1.70959e+11,2621440:1.134e+14;25690112:1.131e+14;16252928:1.129e+14
81788928,2492.285156,1.62657e+11,6.31921e+10,5.78121e+13,1.67478e+11,3670016:5.781e+13;11010048:5.775e+13;28835840:5.772e+13
82837504,2489.355469,1.70146e+11,6.59184e+10,5.78417e+13,1.72801e+11,23592960:5.784e+13;21495808:5.779e+13;25690112:5.772e+13
83886080,2486.425781,1.7501e+11,6.72914e+10,5.7992e+13,1.77494e+11,14155776:5.799e+13;20447232:5.773e+13;31981568:5.763e+13
84934656,2483.496094,1.62671e+11,6.30584e+10,5.80095e+13,1.67483e+11,15204352:5.801e+13;9961472:5.789e+13;25690112:5.775e+13
85983232,2480.566406,1.65164e+11,6.32159e+10,5.76955e+13,1.70043e+11,8912896:5.77e+13;25690112:5.749e+13;22544384:5.746e+13
87031808,2477.636719,1.6746e+11,6.33784e+10,5.78639e+13,1.72363e+11,18350080:5.786e+13;33030144:5.779e+13;16252928:5.755e+13
88080384,2474.707031,1.68165e+11,6.35058e+10,5.79122e+13,1.73116e+11,1572864:5.791e+13;33030144:5.762e+13;16252928:5.758e+13
89128960,2471.777344,1.67137e+11,6.33979e+10,5.77077e+13,1.72114e+11,30932992:5.771e+13;22544384:5.763e+13;20447232:5.759e+13
90177536,2468.847656,1.65809e+11,6.72549e+10,5.7812e+13,1.70616e+11,18350080:5.781e+13;25690112:5.774e+13;22544384:5.767e+13
91226112,2465.917969,1.65853e+11,6.38085e+10,5.78526e+13,1.70762e+11,9961472:5.785e+13;27787264:5.762e+13;16252928:5.758e+13
92274688,2462.988281,1.66959e+11,6.3116e+10,5.75467e+13,1.7192e+11,30932992:5.755e+13;524288:5.753e+13;2621440:5.743e+13
93323264,2460.058594,1.68195e+11,6.34914e+10,5.82827e+13,1.73225e+11,30932992:5.828e+13;9961472:5.78e+13;7864320:5.778e+13
94371840,2457.128906,1.68056e+11,6.34249e+10,5.78318e+13,1.73078e+11,31981568:5.783e+13;19398656:5.766e+13;14155776:5.766e+13
95420416,2454.199219,1.6524e+11,6.30985e+10,5.77204e+13,1.70178e+11,21495808:5.772e+13;26738688:5.751e+13;17301504:5.744e+13
96468992,2451.269531,1.60785e+11,6.28272e+10,5.76522e+13,1.65601e+11,16252928:5.765e+13;30932992:5.746e+13;17301504:5.743e+13
97517568,2448.339844,1.57084e+11,6.64738e+10,6.22157e+13,1.61804e+11,19398656:6.222e+13;30932992:6.22e+13;26738688:6.214e+13
98566144,2445.410156,1.55611e+11,6.23147e+10,5.7897e+13,1.60297e+11,8912896:5.79e+13;24641536:5.754e+13;29884416:5.751e+13
99614720,2442.480469,1.56163e+11,6.22739e+10,5.76053e+13,1.60856e+11,22544384:5.761e+13;23592960:5.76e+13;14155776:5.759e+13
100663296,2439.550781,1.56946e+11,6.25396e+10,5.79236e+13,1.61693e+11,5767168:5.792e+13;23592960:5.781e+13;8912896:5.781e+13
101711872,2436.621094,1.5583e+11,6.22975e+10,5.77432e+13,1.60476e+11,31981568:5.774e+13;11010048:5.753e+13;14155776:5.75e+13
102760448,2433.691406,1.52207e+11,6.20399e+10,5.79627e+13,1.56784e+11,15204352:5.796e+13;21495808:5.764e+13;11010048:5.755e+13
103809024,2430.761719,1.51255e+11,6.19892e+10,5.75941e+13,1.55849e+11,22544384:5.759e+13;15204352:5.749e+13;2621440:5.747e+13
104857600,2427.832031,1.54142e+11,6.21482e+10,5.75771e+13,1.5883e+11,524288:5.758e+13;27787264:5.75e+13;22544384:5.749e+13
105906176,2424.902344,1.60103e+11,6.25483e+10,5.77929e+13,1.6494e+11,15204352:5.779e+13;30932992:5.768e+13;524288:5.767e+13
106954752,2421.972656,1.66226e+11,6.30302e+10,5.79609e+13,1.71255e+11,524288:5.796e+13;7864320:5.769e+13;12058624:5.744e+13
108003328,2419.042969,1.68941e+11,6.33691e+10,5.77776e+13,1.74105e+11,3670016:5.778e+13;21495808:5.764e+13;19398656:5.755e+13
109051904,2416.113281,1.68183e+11,6.34451e+10,5.78482e+13,1.73314e+11,33030144:5.785e+13;22544384:5.773e+13;15204352:5.738e+13
110100480,2413.183594,1.6618e+11,6.29621e+10,5.82073e+13,1.7128e+11,33030144:5.821e+13;8912896:5.765e+13;24641536:5.732e+13
111149056,2410.253906,1.67072e+11,6.31051e+10,5.77333e+13,1.72265e+11,3670016:5.773e+13;27787264:5.758e+13;23592960:5.749e+13
112197632,2407.324219,1.69944e+11,6.33397e+10,5.76524e+13,1.75213e+11,29884416:5.765e+13;13107200:5.742e+13;19398656:5.739e+13
113246208,2404.394531,1.73799e+11,6.37504e+10,5.78848e+13,1.7922e+11,31981568:5.788e+13;21495808:5.785e+13;14155776:5.757e+13
114294784,2401.464844,1.74088e+11,8.86037e+11,1.05893e+15,1.78793e+11,524288:1.059e+15;1572864:1.038e+15;2621440:1.029e+15
115343360,2398.535156,1.63437e+11,6.23897e+10,5.7651e+13,1.68483e+11,8912896:5.765e+13;16252928:5.7e+13;18350080:5.683e+13
116391936,2395.605469,1.53567e+11,6.1491e+10,5.72559e+13,1.58322e+11,5767168:5.726e+13;21495808:5.71e+13;28835840:5.694e+13
117440512,2392.675781,1.4755e+11,6.10029e+10,5.71937e+13,1.52138e+11,2621440:5.719e+13;33030144:5.712e+13;12058624:5.708e+13
118489088,2389.746094,1.46484e+11,6.09147e+10,5.71668e+13,1.51045e+11,9961472:5.717e+13;3670016:5.716e+13;15204352:5.692e+13
119537664,2386.816406,1.47986e+11,6.10933e+10,5.7299e+13,1.52606e+11,28835840:5.73e+13;3670016:5.702e+13;21495808:5.688e+13
120586240,2383.886719,1.47161e+11,6.11626e+10,5.74219e+13,1.51749e+11,20447232:5.742e+13;22544384:5.719e+13;33030144:5.714e+13
121634816,2380.957031,1.41067e+11,6.0595e+10,5.74584e+13,1.4541e+11,28835840:5.746e+13;27787264:5.702e+13;14155776:5.696e+13
122683392,2378.027344,1.32796e+11,5.98386e+10,5.72649e+13,1.36859e+11,26738688:5.726e+13;30932992:5.705e+13;33030144:5.703e+13
123731968,2375.097656,1.27865e+11,5.9549e+10,5.71256e+13,1.31795e+11,16252928:5.713e+13;4718592:5.704e+13;27787264:5.693e+13
124780544,2372.167969,1.28712e+11,5.96956e+10,5.72491e+13,1.32703e+11,5767168:5.725e+13;9961472:5.718e+13;20447232:5.714e+13
125829120,2369.238281,1.32934e+11,5.99647e+10,5.71216e+13,1.37053e+11,22544384:5.712e+13;6815744:5.691e+13;12058624:5.691e+13
126877696,2366.308594,1.36225e+11,6.03169e+10,5.71141e+13,1.40504e+11,1572864:5.711e+13;4718592:5.694e+13;7864320:5.682e+13
127926272,2363.378906,1.2742e+11,6.01246e+10,5.71889e+13,1.30369e+11,21495808:5.719e+13;7864320:5.716e+13;22544384:5.707e+13
128974848,2360.449219,1.27551e+11,5.99582e+10,5.73084e+13,1.31836e+11,524288:5.731e+13;22544384:5.714e+13;26738688:5.705e+13
130023424,2357.519531,9.82781e+10,5.97387e+10,5.71756e+13,1.00781e+11,11010048:5.718e+13;12058624:5.717e+13;25690112:5.713e+13
131072000,2354.589844,3.76264e+10,6.53122e+10,6.55635e+13,3.61745e+10,20447232:6.556e+13;17301504:6.544e+13;19398656:6.541e+13
132120576,2351.660156,5.36337e+09,5.51655e+10,5.65537e+13,4.37214e+09,26738688:5.655e+13;20447232:5.653e+13;33030144:5.652e+13
133169152,2348.730469,8.75789e+08,5.50202e+10,5.64093e+13,7.92455e+08,28835840:5.641e+13;4718592:5.64e+13;21495808:5.639e+13
134217728,2345.800781,7.56728e+08,5.50299e+10,5.63948e+13,6.81921e+08,14155776:5.639e+13;22544384:5.639e+13;31981568:5.639e+13
135266304,2342.871094,5.94507e+08,5.50348e+10,5.64177e+13,5.56623e+08,18350080:5.642e+13;30932992:5.641e+13;26738688:5.641e+13
136314880,2339.941406,5.7079e+08,5.50304e+10,5.63971e+13,5.32567e+08,14155776:5.64e+13;30932992:5.639e+13;15204352:5.639e+13
137363456,2337.011719,5.63999e+08,5.50338e+10,5.64152e+13,5.25572e+08,15204352:5.642e+13;22544384:5.64e+13;9961472:5.64e+13
138412032,2334.082031,5.72358e+08,5.50343e+10,5.64339e+13,5.34212e+08,2621440:5.643e+13;12058624:5.641e+13;8912896:5.639e+13
139460608,2331.152344,5.85712e+08,5.5095e+10,5.64873e+13,5.48204e+08,12058624:5.649e+13;30932992:5.648e+13;23592960:5.645e+13
140509184,2328.222656,5.76077e+08,5.50593e+10,5.64355e+13,5.38086e+08,9961472:5.644e+13;24641536:5.643e+13;3670016:5.643e+13
141557760,2325.292969,5.79932e+08,5.50455e+10,5.64199e+13,5.38617e+08,25690112:5.642e+13;16252928:5.641e+13;18350080:5.641e+13
142606336,2322.363281,5.61378e+08,5.50368e+10,5.64138e+13,5.14534e+08,12058624:5.641e+13;14155776:5.641e+13;16252928:5.641e+13
143654912,2319.433594,2.25807e+09,5.51279e+10,5.65113e+13,1.58062e+09,28835840:5.651e+13;2621440:5.651e+13;8912896:5.651e+13
144703488,2316.503906,4.37009e+10,6.00122e+10,5.69459e+13,4.09997e+10,19398656:5.695e+13;27787264:5.668e+13;22544384:5.663e+13
145752064,2313.574219,9.90389e+10,5.83702e+10,5.75097e+13,1.02514e+11,16252928:5.751e+13;28835840:5.708e+13;7864320:5.691e+13
146800640,2310.644531,1.04092e+11,5.83043e+10,5.7293e+13,1.074e+11,19398656:5.729e+13;11010048:5.719e+13;24641536:5.7e+13
147849216,2307.714844,1.03175e+11,7.70701e+10,7.73608e+13,1.06426e+11,17301504:7.736e+13;16252928:7.727e+13;27787264:7.725e+13
148897792,2304.785156,1.00084e+11,5.81498e+10,5.75168e+13,1.03227e+11,24641536:5.752e+13;18350080:5.74e+13;14155776:5.728e+13
149946368,2301.855469,1.00164e+11,5.79893e+10,5.73222e+13,1.03305e+11,7864320:5.732e+13;20447232:5.728e+13;1572864:5.706e+13
150994944,2298.925781,1.04948e+11,5.82899e+10,5.70509e+13,1.08243e+11,19398656:5.705e+13;11010048:5.695e+13;31981568:5.695e+13
152043520,2295.996094,1.11691e+11,5.87296e+10,5.74288e+13,1.15257e+11,19398656:5.743e+13;33030144:5.742e+13;18350080:5.739e+13
153092096,2293.066406,1.14617e+11,5.9007e+10,5.7373e+13,1.18328e+11,14155776:5.737e+13;17301504:5.734e+13;18350080:5.733e+13
154140672,2290.136719,1.11085e+11,5.8656e+10,5.75363e+13,1.14626e+11,19398656:5.754e+13;524288:5.739e+13;14155776:5.71e+13
155189248,2287.207031,1.05558e+11,5.8381e+10,5.8063e+13,1.08891e+11,31981568:5.806e+13;16252928:5.724e+13;18350080:5.7e+13
156237824,2284.277344,1.02726e+11,5.82976e+10,5.73738e+13,1.05967e+11,14155776:5.737e+13;30932992:5.733e+13;15204352:5.71e+13
157286400,2281.347656,1.0386e+11,5.82552e+10,5.73596e+13,1.07144e+11,29884416:5.736e+13;5767168:5.726e+13;524288:5.72e+13
158334976,2278.417969,1.0668e+11,5.84787e+10,5.72827e+13,1.10103e+11,29884416:5.728e+13;20447232:5.709e+13;31981568:5.704e+13
159383552,2275.488281,1.06252e+11,5.84052e+10,5.76894e+13,1.09677e+11,23592960:5.769e+13;5767168:5.709e+13;7864320:5.709e+13
160432128,2272.558594,9.99546e+10,5.80596e+10,5.73729e+13,1.03089e+11,4718592:5.737e+13;6815744:5.716e+13;17301504:5.716e+13
161480704,2269.628906,9.1587e+10,5.76208e+10,5.77927e+13,9.44295e+10,21495808:5.779e+13;9961472:5.741e+13;2621440:5.718e+13
162529280,2266.699219,8.63261e+10,5.73496e+10,5.73913e+13,8.90276e+10,14155776:5.739e+13;28835840:5.717e+13;17301504:5.713e+13
163577856,2263.769531,8.54638e+10,5.73152e+10,5.72199e+13,8.81521e+10,21495808:5.722e+13;1572864:5.714e+13;19398656:5.712e+13
164626432,2260.839844,8.74132e+10,9.1503e+10,9.31251e+13,9.01531e+10,5767168:9.313e+13;6815744:9.291e+13;28835840:9.287e+13
165675008,2257.910156,8.88302e+10,5.75712e+10,5.74904e+13,9.16758e+10,4718592:5.749e+13;524288:5.743e+13;12058624:5.725e+13
166723584,2254.980469,8.69117e+10,5.74663e+10,5.7205e+13,8.96739e+10,26738688:5.72e+13;28835840:5.707e+13;22544384:5.705e+13
167772160,2252.050781,8.32037e+10,5.71426e+10,5.74368e+13,8.5815e+10,17301504:5.744e+13;16252928:5.695e+13;2621440:5.691e+13
168820736,2249.121094,8.15819e+10,5.71457e+10,5.73388e+13,8.41417e+10,524288:5.734e+13;33030144:5.734e+13;28835840:5.721e+13
169869312,2246.191406,8.36949e+10,5.80404e+10,5.74938e+13,8.62231e+10,25690112:5.749e+13;11010048:5.722e+13;14155776:5.72e+13
170917888,2243.261719,8.80967e+10,5.7839e+10,5.72514e+13,9.08681e+10,17301504:5.725e+13;5767168:5.724e+13;21495808:5.717e+13
171966464,2240.332031,9.24522e+10,5.77103e+10,5.739e+13,9.54168e+10,24641536:5.739e+13;20447232:5.719e+13;13107200:5.715e+13
173015040,2237.402344,9.2938e+10,5.78986e+10,5.7757e+13,9.59145e+10,9961472:5.776e+13;524288:5.735e+13;29884416:5.727e+13
174063616,2234.472656,9.01044e+10,5.75392e+10,5.72432e+13,9.29518e+10,28835840:5.724e+13;15204352:5.706e+13;13107200:5.698e+13
175112192,2231.542969,8.82074e+10,5.74848e+10,5.75404e+13,9.09832e+10,12058624:5.754e+13;29884416:5.737e+13;21495808:5.712e+13
176160768,2228.613281,8.95599e+10,5.75207e+10,5.74605e+13,9.23844e+10,24641536:5.746e+13;14155776:5.737e+13;29884416:5.721e+13
177209344,2225.683594,9.29098e+10,5.7752e+10,5.7459e+13,9.58797e+10,7864320:5.746e+13;2621440:5.724e+13;9961472:5.707e+13
178257920,2222.753906,9.49307e+10,5.7909e+10,5.7569e+13,9.79887e+10,26738688:5.757e+13;9961472:5.722e+13;31981568:5.722e+13
179306496,2219.824219,9.26618e+10,5.78297e+10,5.78118e+13,9.56265e+10,4718592:5.781e+13;6815744:5.741e+13;22544384:5.716e+13
180355072,2216.894531,8.65412e+10,5.74754e+10,5.73103e+13,8.92444e+10,17301504:5.731e+13;4718592:5.73e+13;24641536:5.721e+13
181403648,2213.964844,8.12888e+10,1.631e+11,1.67557e+14,8.372e+10,22544384:1.676e+14;11010048:1.674e+14;33030144:1.671e+14
182452224,2211.035156,7.92515e+10,5.71095e+10,5.70581e+13,8.1736e+10,21495808:5.706e+13;20447232:5.699e+13;22544384:5.694e+13
183500800,2208.105469,7.97939e+10,5.69728e+10,5.71891e+13,8.23232e+10,20447232:5.719e+13;19398656:5.695e+13;4718592:5.695e+13
184549376,2205.175781,8.05552e+10,5.70061e+10,5.69765e+13,8.31349e+10,23592960:5.698e+13;29884416:5.696e+13;13107200:5.69e+13
185597952,2202.246094,7.92583e+10,5.69695e+10,5.70836e+13,8.17422e+10,8912896:5.708e+13;7864320:5.695e+13;11010048:5.693e+13
186646528,2199.316406,2.16147e+11,1.77584e+12,7.28339e+14,9.22372e+10,26977349:7.283e+14;32225217:7.101e+14;33273793:6.777e+14
187695104,2196.386719,1.24062e+11,1.25317e+12,5.48188e+14,7.79785e+10,33517913:5.482e+14;33521738:5.439e+14;32471619:5.017e+14
188743680,2193.457031,7.32555e+10,2.08405e+11,1.04535e+14,7.09062e+10,33521738:1.045e+14;32471619:8.975e+13;33520195:8.886e+13
189792256,2190.527344,7.35317e+10,5.30402e+11,4.08298e+14,7.12345e+10,4941938:4.083e+14;747635:4.075e+14;5990514:3.915e+14
190840832,2187.597656,9.78101e+10,1.27617e+12,5.98724e+14,7.41182e+10,673873:5.987e+14;674231:5.903e+14;5777166:5.428e+14
191889408,2184.667969,7.12589e+10,5.65632e+10,5.70771e+13,7.35192e+10,21495808:5.708e+13;26738688:5.688e+13;15204352:5.685e+13
192937984,2181.738281,6.94757e+10,5.64654e+10,5.70746e+13,7.16511e+10,19398656:5.707e+13;33030144:5.707e+13;4718592:5.702e+13
193986560,2178.808594,6.64253e+10,5.64367e+10,5.74733e+13,6.84788e+10,31981568:5.747e+13;12058624:5.729e+13;9961472:5.714e+13
195035136,2175.878906,6.47573e+10,5.62652e+10,5.71481e+13,6.67654e+10,15204352:5.715e+13;12058624:5.703e+13;9961472:5.698e+13
196083712,2172.949219,6.51218e+10,5.63247e+10,5.69257e+13,6.71499e+10,22544384:5.693e+13;30932992:5.682e+13;11010048:5.681e+13
197132288,2170.019531,6.67286e+10,5.64535e+10,5.70318e+13,6.88236e+10,5767168:5.703e+13;3670016:5.697e+13;24641536:5.691e+13
198180864,2167.089844,6.7368e+10,4.88198e+10,4.89276e+13,6.94991e+10,1572864:4.893e+13;8912896:4.89e+13;18350080:4.882e+13
199229440,2164.160156,6.56359e+10,5.64949e+10,5.71415e+13,6.76806e+10,5767168:5.714e+13;7864320:5.713e+13;28835840:5.69e+13
200278016,2161.230469,6.22953e+10,5.63096e+10,5.72076e+13,6.42166e+10,15204352:5.721e+13;22544384:5.706e+13;29884416:5.699e+13
201326592,2158.300781,5.93106e+10,5.61813e+10,5.69039e+13,6.11489e+10,11010048:5.69e+13;27787264:5.684e+13;5767168:5.684e+13
202375168,2155.371094,5.93197e+10,5.63192e+10,5.71366e+13,6.11905e+10,26738688:5.714e+13;7864320:5.713e+13;30932992:5.697e+13
203423744,2152.441406,6.0031e+10,5.62064e+10,5.69922e+13,6.18804e+10,524288:5.699e+13;26738688:5.693e+13;3670016:5.69e+13
204472320,2149.511719,6.04764e+10,5.62359e+10,5.69782e+13,6.23747e+10,14155776:5.698e+13;2621440:5.687e+13;28835840:5.682e+13
205520896,2146.582031,5.95153e+10,5.61824e+10,5.71545e+13,6.1384e+10,23592960:5.715e+13;7864320:5.689e+13;28835840:5.685e+13
206569472,2143.652344,5.75181e+10,5.6276e+10,5.73367e+13,5.93214e+10,25690112:5.734e+13;31981568:5.72e+13;24641536:5.719e+13
207618048,2140.722656,5.55142e+10,5.60887e+10,5.70392e+13,5.71939e+10,6815744:5.704e+13;22544384:5.697e+13;30932992:5.694e+13
208666624,2137.792969,5.52684e+10,5.62376e+10,5.73199e+13,5.69551e+10,27787264:5.732e+13;15204352:5.714e+13;2621440:5.709e+13
209715200,2134.863281,5.62413e+10,5.61269e+10,5.71779e+13,5.79628e+10,29884416:5.718e+13;5767168:5.707e+13;20447232:5.7e+13
210763776,2131.933594,5.64736e+10,5.60658e+10,5.71533e+13,5.81261e+10,24641536:5.715e+13;5767168:5.697e+13;17301504:5.69e+13
211812352,2129.003906,5.75566e+10,5.61628e+10,5.69955e+13,5.9255e+10,11010048:5.7e+13;23592960:5.698e+13;524288:5.69e+13
212860928,2126.074219,5.65905e+10,5.61491e+10,5.69567e+13,5.82498e+10,25690112:5.696e+13;2621440:5.692e+13;11010048:5.689e+13
213909504,2123.144531,5.45068e+10,5.62035e+10,5.71427e+13,5.62521e+10,24641536:5.714e+13;16252928:5.702e+13;15204352:5.694e+13
214958080,2120.214844,5.00776e+10,3.7873e+10,3.82022e+13,5.1747e+10,23592960:3.82e+13;33030144:3.795e+13;3670016:3.787e+13
216006656,2117.285156,5.11113e+10,5.60977e+10,5.73214e+13,5.27521e+10,31981568:5.732e+13;6815744:5.714e+13;24641536:5.705e+13
217055232,2114.355469,5.12075e+10,5.61553e+10,5.70873e+13,5.27726e+10,1572864:5.709e+13;20447232:5.707e+13;27787264:5.706e+13
218103808,2111.425781,4.97976e+10,5.60133e+10,5.71707e+13,5.12674e+10,33030144:5.717e+13;17301504:5.705e+13;20447232:5.697e+13
219152384,2108.496094,4.92307e+10,5.59391e+10,5.70524e+13,5.07756e+10,1572864:5.705e+13;24641536:5.696e+13;12058624:5.696e+13
220200960,2105.566406,4.86375e+10,5.59844e+10,5.71471e+13,5.01544e+10,26738688:5.715e+13;4718592:5.713e+13;3670016:5.7e+13
221249536,2102.636719,4.77979e+10,5.58966e+10,5.70637e+13,4.9287e+10,11010048:5.706e+13;7864320:5.703e+13;5767168:5.7e+13
222298112,2099.707031,4.73412e+10,5.58864e+10,5.70229e+13,4.88139e+10,25690112:5.702e+13;20447232:5.701e+13;24641536:5.696e+13
223346688,2096.777344,4.7571e+10,5.59994e+10,5.71608e+13,4.90492e+10,14155776:5.716e+13;12058624:5.713e+13;11010048:5.71e+13
224395264,2093.847656,4.83709e+10,5.60293e+10,5.72621e+13,4.98691e+10,6815744:5.726e+13;5767168:5.712e+13;11010048:5.707e+13
225443840,2090.917969,4.89022e+10,5.59001e+10,5.73015e+13,5.04275e+10,26738688:5.73e+13;11010048:5.721e+13;19398656:5.705e+13
226492416,2087.988281,4.87103e+10,5.59503e+10,5.70859e+13,5.02287e+10,12058624:5.709e+13;15204352:5.707e+13;26738688:5.705e+13
227540992,2085.058594,4.76568e+10,5.59176e+10,5.7135e+13,4.91363e+10,3670016:5.713e+13;29884416:5.703e+13;16252928:5.702e+13
228589568,2082.128906,4.65719e+10,5.58829e+10,5.71648e+13,4.80182e+10,12058624:5.716e+13;23592960:5.693e+13;17301504:5.685e+13
229638144,2079.199219,4.62538e+10,5.58038e+10,5.72592e+13,4.76901e+10,24641536:5.726e+13;17301504:5.691e+13;9961472:5.684e+13
230686720,2076.269531,4.65199e+10,5.59078e+10,5.72107e+13,4.79664e+10,25690112:5.721e+13;9961472:5.712e+13;30932992:5.697e+13
231735296,2073.339844,4.68559e+10,6.83871e+10,6.98951e+13,4.83062e+10,29884416:6.99e+13;25690112:6.989e+13;20447232:6.987e+13
232783872,2070.410156,4.68038e+10,5.59669e+10,5.70902e+13,4.82673e+10,7864320:5.709e+13;5767168:5.704e+13;19398656:5.7e+13
233832448,2067.480469,4.61806e+10,5.58584e+10,5.72644e+13,4.76007e+10,15204352:5.726e+13;19398656:5.696e+13;14155776:5.694e+13
234881024,2064.550781,4.51415e+10,5.58656e+10,5.69985e+13,4.65069e+10,26738688:5.7e+13;524288:5.698e+13;1572864:5.692e+13
235929600,2061.621094,4.44833e+10,5.58114e+10,5.69795e+13,4.58459e+10,15204352:5.698e+13;7864320:5.694e+13;13107200:5.684e+13
236978176,2058.691406,4.43523e+10,5.58571e+10,5.70856e+13,4.57164e+10,28835840:5.709e+13;2621440:5.708e+13;524288:5.704e+13
238026752,2055.761719,4.44569e+10,5.58041e+10,5.71305e+13,4.58365e+10,16252928:5.713e+13;2621440:5.699e+13;11010048:5.698e+13
239075328,2052.832031,4.43263e+10,5.58975e+10,5.71415e+13,4.57096e+10,21495808:5.714e+13;11010048:5.707e+13;19398656:5.7e+13
240123904,2049.902344,4.34488e+10,5.58856e+10,5.72169e+13,4.48022e+10,1572864:5.722e+13;7864320:5.712e+13;30932992:5.706e+13
241172480,2046.972656,4.23118e+10,5.57965e+10,5.7141e+13,4.36169e+10,17301504:5.714e+13;16252928:5.699e+13;31981568:5.698e+13
242221056,2044.042969,4.1626e+10,5.57985e+10,5.70336e+13,4.2906e+10,21495808:5.703e+13;31981568:5.699e+13;4718592:5.696e+13
243269632,2041.113281,4.16676e+10,5.58214e+10,5.72287e+13,4.29571e+10,9961472:5.723e+13;31981568:5.709e+13;13107200:5.706e+13
244318208,2038.183594,4.23355e+10,5.57766e+10,5.70493e+13,4.36543e+10,27787264:5.705e+13;25690112:5.699e+13;9961472:5.696e+13
245366784,2035.253906,4.27898e+10,5.58492e+10,5.70788e+13,4.41294e+10,524288:5.708e+13;22544384:5.695e+13;27787264:5.69e+13
246415360,2032.324219,4.23066e+10,5.58281e+10,5.69434e+13,4.36191e+10,15204352:5.694e+13;17301504:5.692e+13;21495808:5.687e+13
247463936,2029.394531,4.16058e+10,5.58527e+10,5.71959e+13,4.28892e+10,3670016:5.72e+13;16252928:5.707e+13;7864320:5.7e+13
248512512,2026.464844,4.17338e+10,7.77334e+10,7.99125e+13,4.29998e+10,23592960:7.991e+13;25690112:7.984e+13;29884416:7.972e+13
249561088,2023.535156,4.30301e+10,5.5602e+10,5.68017e+13,4.43567e+10,33030144:5.68e+13;2621440:5.677e+13;19398656:5.671e+13
250609664,2020.605469,4.51359e+10,5.56482e+10,5.70773e+13,4.65376e+10,11010048:5.708e+13;27787264:5.7e+13;17301504:5.679e+13
251658240,2017.675781,4.68988e+10,5.5646e+10,5.68047e+13,4.83747e+10,20447232:5.68e+13;18350080:5.669e+13;24641536:5.662e+13
252706816,2014.746094,4.71168e+10,5.57117e+10,5.68378e+13,4.85967e+10,524288:5.684e+13;7864320:5.683e+13;6815744:5.682e+13
253755392,2011.816406,4.64747e+10,5.56536e+10,5.69287e+13,4.79195e+10,21495808:5.693e+13;3670016:5.681e+13;1572864:5.675e+13
254803968,2008.886719,4.642e+10,5.55812e+10,5.69178e+13,4.78578e+10,20447232:5.692e+13;524288:5.667e+13;13107200:5.665e+13
255852544,2005.957031,4.73693e+10,5.56507e+10,5.68571e+13,4.88331e+10,9961472:5.686e+13;25690112:5.673e+13;19398656:5.671e+13
256901120,2003.027344,4.8902e+10,5.58077e+10,5.70543e+13,5.04309e+10,6815744:5.705e+13;25690112:5.694e+13;9961472:5.693e+13
257949696,2000.097656,4.99021e+10,5.57341e+10,5.66976e+13,5.14797e+10,19398656:5.67e+13;26738688:5.661e+13;16252928:5.661e+13
258998272,1997.167969,4.95012e+10,5.57025e+10,5.69803e+13,5.09394e+10,11010048:5.698e+13;33030144:5.672e+13;28835840:5.659e+13
260046848,1994.238281,4.99625e+10,5.57134e+10,5.70132e+13,5.14864e+10,31981568:5.701e+13;14155776:5.68e+13;5767168:5.677e+13
261095424,1991.308594,4.71357e+10,5.5662e+10,5.67388e+13,4.84862e+10,8912896:5.674e+13;15204352:5.665e+13;4718592:5.664e+13
262144000,1988.378906,4.61534e+10,5.56418e+10,5.68798e+13,4.75782e+10,17301504:5.688e+13;19398656:5.671e+13;5767168:5.666e+13
263192576,1985.449219,4.60279e+10,5.56162e+10,5.68145e+13,4.74258e+10,23592960:5.681e+13;28835840:5.679e+13;24641536:5.678e+13
264241152,1982.519531,4.7162e+10,5.56735e+10,5.67157e+13,4.86275e+10,33030144:5.672e+13;16252928:5.664e+13;20447232:5.66e+13
265289728,1979.589844,4.70811e+10,5.53788e+10,5.67824e+13,4.85363e+10,524288:5.678e+13;2621440:5.659e+13;21495808:5.648e+13
266338304,1976.660156,4.43273e+10,5.55431e+10,5.69487e+13,4.55469e+10,33030144:5.695e+13;14155776:5.675e+13;15204352:5.668e+13
267386880,1973.730469,4.18457e+10,5.55367e+10,5.67948e+13,4.30985e+10,26738688:5.679e+13;31981568:5.668e+13;29884416:5.666e+13
268435456,1970.800781,4.07849e+10,5.55644e+10,5.67596e+13,4.19893e+10,16252928:5.676e+13;20447232:5.676e+13;3670016:5.668e+13
269484032,1967.871094,4.12686e+10,5.55768e+10,5.67652e+13,4.25434e+10,30932992:5.677e+13;18350080:5.67e+13;11010048:5.668e+13
270532608,1964.941406,4.20074e+10,5.56644e+10,5.68099e+13,4.33552e+10,4718592:5.681e+13;19398656:5.678e+13;33030144:5.675e+13
271581184,1962.011719,4.1538e+10,5.55294e+10,5.67183e+13,4.28205e+10,17301504:5.672e+13;33030144:5.667e+13;7864320:5.661e+13
272629760,1959.082031,3.90693e+10,5.55371e+10,5.69682e+13,4.02547e+10,22544384:5.697e+13;6815744:5.679e+13;13107200:5.673e+13
273678336,1956.152344,3.65943e+10,5.55569e+10,5.6869e+13,3.76365e+10,2621440:5.687e+13;5767168:5.687e+13;524288:5.686e+13
274726912,1953.222656,3.5084e+10,5.54489e+10,5.6786e+13,3.6124e+10,11010048:5.679e+13;21495808:5.673e+13;12058624:5.668e+13
275775488,1950.292969,3.50058e+10,5.54301e+10,5.69289e+13,3.5962e+10,6815744:5.693e+13;3670016:5.675e+13;20447232:5.669e+13
276824064,1947.363281,3.65675e+10,5.54663e+10,5.69953e+13,3.75028e+10,19398656:5.7e+13;8912896:5.686e+13;3670016:5.671e+13
277872640,1944.433594,3.59803e+10,5.54396e+10,5.67873e+13,3.71012e+10,8912896:5.679e+13;20447232:5.678e+13;13107200:5.663e+13
278921216,1941.503906,3.48765e+10,5.54765e+10,5.68237e+13,3.59084e+10,5767168:5.682e+13;17301504:5.682e+13;13107200:5.674e+13
279969792,1938.574219,3.31269e+10,5.54089e+10,5.68989e+13,3.41003e+10,30932992:5.69e+13;13107200:5.672e+13;21495808:5.667e+13
281018368,1935.644531,3.12931e+10,5.53746e+10,5.68488e+13,3.21865e+10,28835840:5.685e+13;9961472:5.678e+13;18350080:5.676e+13
282066944,1932.714844,3.02485e+10,4.8145e+10,4.94145e+13,3.11676e+10,3670016:4.941e+13;24641536:4.933e+13;4718592:4.927e+13
283115520,1929.785156,2.91528e+10,5.55423e+10,5.69882e+13,2.99938e+10,9961472:5.699e+13;11010048:5.692e+13;29884416:5.691e+13
284164096,1926.855469,3.20224e+10,5.69099e+10,5.70149e+13,3.11312e+10,18350080:5.701e+13;25690112:5.7e+13;21495808:5.691e+13
285212672,1923.925781,2.85277e+10,5.54577e+10,5.71229e+13,2.92116e+10,29884416:5.712e+13;16252928:5.679e+13;8912896:5.678e+13
286261248,1920.996094,2.5734e+10,5.53892e+10,5.69016e+13,2.64796e+10,28835840:5.69e+13;24641536:5.687e+13;20447232:5.682e+13
287309824,1918.066406,2.39159e+10,5.53741e+10,5.68543e+13,2.46155e+10,22544384:5.685e+13;31981568:5.685e+13;11010048:5.68e+13
288358400,1915.136719,2.28713e+10,5.53294e+10,5.6794e+13,2.35423e+10,23592960:5.679e+13;4718592:5.673e+13;26738688:5.673e+13
289406976,1912.207031,2.25914e+10,5.52681e+10,5.68727e+13,2.32557e+10,20447232:5.687e+13;5767168:5.675e+13;11010048:5.674e+13
290455552,1909.277344,2.27179e+10,5.54226e+10,5.69029e+13,2.3389e+10,17301504:5.69e+13;5767168:5.689e+13;23592960:5.686e+13
291504128,1906.347656,2.25333e+10,5.53357e+10,5.6855e+13,2.31975e+10,33030144:5.686e+13;29884416:5.684e+13;4718592:5.679e+13
292552704,1903.417969,2.17331e+10,5.5201e+10,5.6854e+13,2.23641e+10,14155776:5.685e+13;16252928:5.662e+13;21495808:5.658e+13
293601280,1900.488281,2.0955e+10,5.5172e+10,5.68088e+13,2.15637e+10,17301504:5.681e+13;8912896:5.666e+13;21495808:5.664e+13
294649856,1897.558594,2.06609e+10,5.5211e+10,5.66202e+13,2.12629e+10,9961472:5.662e+13;6815744:5.658e+13;11010048:5.656e+13
295698432,1894.628906,2.08923e+10,5.5257e+10,5.67896e+13,2.15029e+10,12058624:5.679e+13;3670016:5.674e+13;9961472:5.674e+13
296747008,1891.699219,2.12992e+10,5.52199e+10,5.68027e+13,2.19272e+10,16252928:5.68e+13;21495808:5.676e+13;20447232:5.674e+13
297795584,1888.769531,2.12224e+10,5.52389e+10,5.66895e+13,2.18467e+10,1572864:5.669e+13;18350080:5.665e+13;33030144:5.662e+13
298844160,1885.839844,2.03413e+10,7.65153e+10,7.86284e+13,2.09075e+10,4718592:7.863e+13;30932992:7.86e+13;20447232:7.85e+13
299892736,1882.910156,1.89543e+10,5.54138e+10,5.70622e+13,1.94926e+10,5767168:5.706e+13;31981568:5.696e+13;20447232:5.692e+13
300941312,1879.980469,1.7704e+10,5.53097e+10,5.68624e+13,1.82062e+10,21495808:5.686e+13;33030144:5.683e+13;30932992:5.681e+13
301989888,1877.050781,1.66887e+10,5.52513e+10,5.67906e+13,1.71624e+10,29884416:5.679e+13;33030144:5.678e+13;17301504:5.675e+13
303038464,1874.121094,1.56992e+10,5.52921e+10,5.68524e+13,1.61391e+10,17301504:5.685e+13;2621440:5.681e+13;13107200:5.678e+13
304087040,1871.191406,1.44841e+10,5.52707e+10,5.68083e+13,1.48793e+10,19398656:5.681e+13;24641536:5.676e+13;21495808:5.675e+13
305135616,1868.261719,1.2885e+10,5.51991e+10,5.67926e+13,1.32204e+10,13107200:5.679e+13;21495808:5.672e+13;9961472:5.666e+13
306184192,1865.332031,1.11882e+10,5.51608e+10,5.66521e+13,1.14683e+10,26738688:5.665e+13;14155776:5.664e+13;16252928:5.662e+13
307232768,1862.402344,9.72376e+09,5.52875e+10,5.67847e+13,9.96202e+09,14155776:5.678e+13;12058624:5.676e+13;25690112:5.676e+13
308281344,1859.472656,8.55433e+09,5.52354e+10,5.67481e+13,8.75896e+09,14155776:5.675e+13;30932992:5.673e+13;6815744:5.67e+13
309329920,1856.542969,7.54566e+09,5.51446e+10,5.68411e+13,7.71758e+09,22544384:5.684e+13;17301504:5.659e+13;13107200:5.657e+13
310378496,1853.613281,6.54305e+09,5.51243e+10,5.66366e+13,6.68079e+09,27787264:5.664e+13;21495808:5.662e+13;13107200:5.658e+13
311427072,1850.683594,5.50822e+09,5.51476e+10,5.66381e+13,5.61016e+09,22544384:5.664e+13;33030144:5.661e+13;5767168:5.659e+13
312475648,1847.753906,4.52629e+09,5.52471e+10,5.67216e+13,4.59971e+09,31981568:5.672e+13;2621440:5.669e+13;1572864:5.668e+13
313524224,1844.824219,3.54965e+09,5.52112e+10,5.6689e+13,3.5742e+09,13107200:5.669e+13;7864320:5.668e+13;19398656:5.666e+13
314572800,1841.894531,3.23489e+09,5.52254e+10,5.66765e+13,3.2744e+09,14155776:5.668e+13;20447232:5.667e+13;2621440:5.666e+13
315621376,1838.964844,2.77137e+09,5.2669e+10,5.40722e+13,2.79969e+09,11010048:5.407e+13;5767168:5.404e+13;12058624:5.401e+13
316669952,1836.035156,2.36111e+09,5.49468e+10,5.63949e+13,2.37407e+09,19398656:5.639e+13;15204352:5.638e+13;17301504:5.636e+13
317718528,1833.105469,1.98204e+09,5.48583e+10,5.62572e+13,1.98325e+09,21495808:5.626e+13;33030144:5.626e+13;4718592:5.625e+13
318767104,1830.175781,1.6594e+09,5.47883e+10,5.62055e+13,1.65147e+09,30932992:5.621e+13;8912896:5.619e+13;22544384:5.619e+13
319815680,1827.246094,1.41799e+09,5.48131e+10,5.61891e+13,1.40425e+09,26738688:5.619e+13;6815744:5.619e+13;4718592:5.618e+13
320864256,1824.316406,1.25357e+09,5.48333e+10,5.62172e+13,1.23601e+09,524288:5.622e+13;17301504:5.622e+13;23592960:5.621e+13
321912832,1821.386719,1.1304e+09,5.47183e+10,5.60875e+13,1.10959e+09,26738688:5.609e+13;12058624:5.608e+13;19398656:5.608e+13
